INSERT INTO A_SUPERMERCADO
VALUES(1,'SuperAndes');

INSERT INTO A_TIPO_PRODUCTO
VALUES(1,'Verdura', 'Perecedero');

INSERT INTO A_TIPO_PRODUCTO
VALUES(2,'Cocina', 'Abarrote');

INSERT INTO A_TIPO_PRODUCTO
VALUES(3,'Carne','Perecedero');

INSERT INTO A_TIPO_PRODUCTO
VALUES(4,'Alcohol', 'Perecedero');

INSERT INTO A_TIPO_PRODUCTO
VALUES(5,'Aseo', 'Abarrote');

INSERT INTO A_TIPO_PRODUCTO
VALUES(6,'Ropa','Abarrote');

INSERT INTO A_PRODUCTOS
VALUES('Lechuga','Fruver',8000,'Paquetes de 4 unidades','Columnas de 2',25,'Plástico',1,785416,50,20,1,'17/10/2023');

INSERT INTO A_PRODUCTOS
VALUES('Traperos','Rimax',15000,'Paquete de 1 unidad','Un solo trapero por marca',1.25,'Cartón de la marca',2,842693,100,40,2,NULL);

INSERT INTO A_PRODUCTOS
VALUES('Carne molida','SurtiCarnes',25000,'Paquete de 1 unidad','Una tira por paquete',30,'Plástico',1,753159,20,10,3,'01/01/2023');

INSERT INTO A_PRODUCTOS
VALUES('Aguardiente','Lider',15000,'Botella de 500mL','Una botella de vidrio',30,'Vidrio',1,104805,100,60,4,'01/01/2023');

INSERT INTO A_PRODUCTOS
VALUES('Cerveza','Poker',13200,'Six Pack','Seis latas de cerveza',30,'Plástico',1,582436,100,60,4,'01/01/2023');

INSERT INTO A_PRODUCTOS
VALUES('Jeans','American Eagle',20000,'1 unidad de ropa','Un jean único',40,'Prenda sola',2,125063,80,5,6,NULL);

INSERT INTO A_PRODUCTOS
VALUES('Crema Dental','Colgate',12000,'Paquete de 2 unidades','Dos cremas por paquete',30,'Plástico',2,794586,60,60,5,'01/01/2026');

INSERT INTO A_SUCURSALES
VALUES ('Bogotá','Calle 10 #80-65','Sucursal10',10,25,50,1,785416);

INSERT INTO A_SUCURSALES
VALUES ('Cali','Calle 90 #100-12','Sucursal20',20,10,60,1,842693);

INSERT INTO A_SUCURSALES
VALUES ('Medellin','Calle 64 #1-74','Sucursal30',30,5,70,1,753159);

INSERT INTO A_SUCURSALES
VALUES ('Bogotá','Calle 3 #25B-88','Sucursal40',40,25,22,1,582436);

INSERT INTO A_BODEGAS
VALUES(10,600,10,200,785416);

INSERT INTO A_BODEGAS
VALUES(20,1100,20,1000,842693);

INSERT INTO A_BODEGAS
VALUES(30,220,30,100,753159);

INSERT INTO A_BODEGAS
VALUES(40,415,40,0,582436);

INSERT INTO A_LOCAL_DE_VENTAS
VALUES(1,10);

INSERT INTO A_LOCAL_DE_VENTAS
VALUES(2,20);

INSERT INTO A_LOCAL_DE_VENTAS
VALUES(3,30);

INSERT INTO A_LOCAL_DE_VENTAS
VALUES(4,40);

INSERT INTO A_ESTANTES
VALUES(10,15,1,15,14,10);

INSERT INTO A_ESTANTES
VALUES(20,18,3,18,7,10);

INSERT INTO A_ESTANTES
VALUES(30,22,2,22,20,20);

INSERT INTO A_ESTANTES
VALUES(40,23,4,23,10,20);

INSERT INTO A_ESTANTES
VALUES(50,14,1,14,10,30);

INSERT INTO A_ESTANTES
VALUES(60,35,6,35,5,30);

INSERT INTO A_ESTANTES
VALUES(70,19,2,19,10,40);

INSERT INTO A_ESTANTES
VALUES(80,46,5,46,30,40);

INSERT INTO A_PRODUCTOS_PERECEDEROS
VALUES(785416,'17/10/2023',1);

INSERT INTO A_PRODUCTOS_PERECEDEROS
VALUES(753159,'01/01/2023',1);

INSERT INTO A_PRODUCTOS_PERECEDEROS
VALUES(104805,'01/01/2023',1);

INSERT INTO A_PRODUCTOS_PERECEDEROS
VALUES(582436,'01/01/2023',1);

INSERT INTO A_ABARROTES
VALUES(842693,2);

INSERT INTO A_ABARROTES
VALUES(125063,2);

INSERT INTO A_ABARROTES
VALUES(794586,2);

INSERT INTO A_PROVEEDORES
VALUES(785426,'DELCAMPO',4,'EXCLUSIVO');

INSERT INTO A_PROVEEDORES
VALUES(753014,'HOMEHOME',4,'NOEXCLUSIVO');

INSERT INTO A_PROVEEDORES
VALUES(962147,'CARNESYCARNES',5,'EXCLUSIVO');

INSERT INTO A_PROVEEDORES
VALUES(921036,'LICORESJUAN',3,'NOEXCLUSIVO');

INSERT INTO A_PEDIDOS
VALUES(10,'Aguardiente Lider',50,250000,'23/10/2022',921036);

INSERT INTO A_PEDIDOS
VALUES(20,'Carne molida',1,25000,'23/10/2022',962147);

INSERT INTO A_PEDIDOS
VALUES(30,'Lechuga',10,12000,'23/10/2022',785426);

INSERT INTO A_PROMOCIONES
VALUES (10,'Compre 1 paquete de Carne molida, llevese 4 paquetes', '31-10-2022', '01/01/2023','No finalizado',20,962147,20,100);

INSERT INTO A_PROMOCIONES
VALUES (20,'Por la compra de 1 botella de 500mL de aguardiente, llevese un six-pack de cerveza', '31-10-2022','01/01/2023','No finalizado',50,921036,50,100);

INSERT INTO A_PROMOCIONES
VALUES (30,'Compre 2 traperos, llevese 1 jean', '8-11-2022','01/01/2023','No finalizado',40,753014,40,100);

INSERT INTO A_PROMOCIONES
VALUES (40,'Compre 1 jean, llevese 2 cremas dentales', '31/10/2022','01-01-2023','No finalizado',15,753014,15,100);

INSERT INTO A_CLIENTES
VALUES(1000458792,'Daniel Garcia','da.garciap1@uniandes.edu.co','Calle 160 #50B-15');

INSERT INTO A_CLIENTES
VALUES(1000654987,'Julian Camargo','j.camargo@uniandes.edu.co','Calle 1A #25-8');

INSERT INTO A_CLIENTES
VALUES(753159,'Millonarios','mfc.clubmillonarios@uniandes.edu.co','Calle 57 #19-10');

INSERT INTO A_COMPRA
VALUES(1,50000,'23/10/2022',1000458792);

INSERT INTO A_COMPRA
VALUES(2,15000,'23/10/2022',1000654987);

INSERT INTO A_COMPRA
VALUES(3,10200,'23/10/2022',753159);

INSERT INTO A_PRODUCTO_COMPRA 
VALUES (15,1,785416,20);

INSERT INTO A_PRODUCTO_COMPRA
VALUES (20,1,753159,10);

INSERT INTO A_PERSONA_NATURAL
VALUES(1000458792);

INSERT INTO A_PERSONA_NATURAL
VALUES(1000654987);

INSERT INTO A_EMPRESA
VALUES(753159);

INSERT INTO A_USUARIO
VALUES(1000458792,'Daniel Garcia','Cliente',10);

INSERT INTO A_USUARIO
VALUES(1000654987,'Julian Camargo','Cliente',20);

INSERT INTO A_USUARIO
VALUES(753159,'Millonarios','Cliente',20);

INSERT INTO A_PROVEEDORES_PRODUCTOS
VALUES(785426,785416);

INSERT INTO A_PROVEEDORES_PRODUCTOS
VALUES(753014,842693);

INSERT INTO A_PROVEEDORES_PRODUCTOS
VALUES(962147,753159);

INSERT INTO A_PROVEEDORES_PRODUCTOS
VALUES(921036,104805);

INSERT INTO A_PROVEEDORES_PRODUCTOS
VALUES(921036,582436);

INSERT INTO A_PROVEEDORES_PRODUCTOS
VALUES(753014,125063);

INSERT INTO A_PROVEEDORES_PRODUCTOS
VALUES(753014,794586);

INSERT INTO A_PEDIDOS_PRODUCTOS
VALUES(10,104805);

INSERT INTO A_PEDIDOS_PRODUCTOS
VALUES(20,753159);

INSERT INTO A_PEDIDOS_PRODUCTOS
VALUES(30,785416);

INSERT INTO A_SUCURSALES_PEDIDOS
VALUES(10,10);

INSERT INTO A_SUCURSALES_PEDIDOS
VALUES(10,20);

INSERT INTO A_SUCURSALES_PEDIDOS
VALUES(20,10);

INSERT INTO A_SUCURSALES_PEDIDOS
VALUES(20,30);

INSERT INTO A_SUCURSALES_PEDIDOS
VALUES(30,20);

INSERT INTO A_SUCURSALES_PEDIDOS
VALUES(40,10);

INSERT INTO A_SUCURSALES_PEDIDOS
VALUES(40,20);

INSERT INTO A_SUCURSALES_PEDIDOS
VALUES(40,30);

INSERT INTO A_PRODUCTOS_ESTANTES
VALUES(785416,10);

INSERT INTO A_PRODUCTOS_ESTANTES
VALUES(753159,20);

INSERT INTO A_PRODUCTOS_ESTANTES
VALUES(842693,30);

INSERT INTO A_PRODUCTOS_ESTANTES
VALUES(104805,40);

INSERT INTO A_PRODUCTOS_ESTANTES
VALUES(125063,60);

INSERT INTO A_PRODUCTOS_ESTANTES
VALUES(794586,80);

INSERT INTO A_PRODUCTOS_BODEGAS
VALUES(753159,10);

INSERT INTO A_PRODUCTOS_BODEGAS
VALUES(785416,20);

INSERT INTO A_PRODUCTOS_BODEGAS
VALUES(794586,30);

INSERT INTO A_PRODUCTOS_BODEGAS
VALUES(125063,40);

INSERT INTO A_PROVEEDORES_SUCURSALES
VALUES(785426,10);

INSERT INTO A_PROVEEDORES_SUCURSALES
VALUES(753014,20);

INSERT INTO A_PROVEEDORES_SUCURSALES
VALUES(962147,30);

INSERT INTO A_PROVEEDORES_SUCURSALES
VALUES(921036,40);

INSERT INTO A_BODEGAS_TIPO_PRODUCTO
VALUES(10,1);

INSERT INTO A_BODEGAS_TIPO_PRODUCTO
VALUES(20,1);

INSERT INTO A_BODEGAS_TIPO_PRODUCTO
VALUES(30,3);

INSERT INTO A_BODEGAS_TIPO_PRODUCTO
VALUES(40,2);

commit;










